<?xml version="1.0" encoding="UTF-8"?>
<project-private xmlns="http://www.netbeans.org/ns/project-private/1">
    <editor-bookmarks xmlns="http://www.netbeans.org/ns/editor-bookmarks/2" lastBookmarkId="0"/>
    <open-files xmlns="http://www.netbeans.org/ns/projectui-open-files/2">
        <group>
            <file>file:/D:/fichiers%20fac%202%20eme%20annee/s2/2%20eme%20bis/POO%20avancee/POO%20avancee%20workspace/POO%20Project%20DS2/FileManagerApp/src/filemanagerapp/DatabaseService.java</file>
            <file>file:/D:/fichiers%20fac%202%20eme%20annee/s2/2%20eme%20bis/POO%20avancee/POO%20avancee%20workspace/POO%20Project%20DS2/FileManagerApp/src/filemanagerapp/FileManagerUI.java</file>
            <file>file:/D:/fichiers%20fac%202%20eme%20annee/s2/2%20eme%20bis/POO%20avancee/POO%20avancee%20workspace/POO%20Project%20DS2/FileManagerApp/src/filemanagerapp/FileManagerApp.java</file>
            <file>file:/D:/fichiers%20fac%202%20eme%20annee/s2/2%20eme%20bis/POO%20avancee/POO%20avancee%20workspace/POO%20Project%20DS2/FileManagerApp/src/filemanagerapp/FileManagerAdvancedUI.java</file>
        </group>
    </open-files>
</project-private>
